?Maria-sama ga Miteru Haru 2nd || -maria-sama-ga-miteru-haru-2nd || https://gogocdn.net/images/anime/M/maria-sama-ga-miteru.jpg
.Hack//G.U. Returner || hackgu-returner || https://gogocdn.net/images/anime/5745.jpg
.hack//G.U. Trilogy || hackgu-trilogy || https://gogocdn.net/images/Trilogy.jpg
.hack//Legend of the Twilight || hacklegend-of-the-twilight || https://gogocdn.net/images/anime/hacklegend-of-the-twilight2.jpg
.hack//Liminality || hackliminality || https://gogocdn.net/images/anime/A/hackliminality.jpg
.hack//Quantum  || hackquantum- || https://gogocdn.net/images/anime/A/hackquantum.jpg
.hack//Roots || hackroots || https://gogocdn.net/images/anime/A/hackroots.jpg
.hack//Roots (Dub) || hackroots-dub || https://gogocdn.net/cover/hackroots-dub.jpg
.Hack//Sign || hacksign || https://gogocdn.net/images/anime/A/hacksign.jpg
.hack//Sign (Dub) || hacksign-dub || https://gogocdn.net/cover/hacksign-dub.jpg
.hack//The Movie: Sekai no Mukou ni || hackthe-movie-sekai-no-mukou-ni || https://gogocdn.net/images/hack The Movie Sekai no Mukou ni.jpg
"Eiyuu" Kaitai || eiyuu-kaitai || https://gogocdn.net/cover/eiyuu-kaitai.png
009 Re:Cyborg || 009-recyborg || https://gogocdn.net/images/anime/126644.jpg
009 Re:Cyborg (Dub) || 009-recyborg-dub || https://gogocdn.net/cover/009-recyborg-dub.jpg
009-1 || 009-1 || https://gogocdn.net/images/anime/A/009-1.jpg
009-1 (Dub) || 009-1-dub || https://gogocdn.net/cover/009-1-dub.jpg
07-GHOST || 07-ghost || https://gogocdn.net/images/anime/A/07-ghost.jpg
100% Pascal-sensei || 100-pascal-sensei || https://gogocdn.net/cover/100-pascal-sensei.png
1001 Nights || 1001-nights || https://gogocdn.net/images/1001 Nights.jpg
1001 Nights (Dub) || 1001-nights-dub || https://gogocdn.net/cover/1001-nights-dub.png
11eyes  || 11eyes- || https://gogocdn.net/images/anime/A/11eyes.jpg
12-sai.: Chicchana Mune no Tokimeki || 12-sai-chicchana-mune-no-tokimeki || https://gogocdn.net/cover/12-sai-chicchana-mune-no-tokimeki.jpg
12-sai.: Chicchana Mune no Tokimeki 2nd Season || 12-sai-chicchana-mune-no-tokimeki-2nd-season || https://gogocdn.net/cover/12-sai-chicchana-mune-no-tokimeki-2nd-season.png
12-sai.: Kiss, Kirai, Suki || 12-sai-kiss-kirai-suki || https://gogocdn.net/images/12-sai-Kiss-Kirai-Suki.jpg
18if || 18if || https://gogocdn.net/cover/18if.png
18if (Dub) || 18if-dub || https://gogocdn.net/cover/18if-dub.png
2 x 2 Shinobuden || -2-x-2-shinobuden || https://gogocdn.net/images/anime/A/2x2-shinobuden.jpg
22/7 || 227 || https://gogocdn.net/cover/227.png
3 x 3 Eyes || 3-x-3-eyes || https://gogocdn.net/images/anime/A/3x3-eyes.jpg
3-gatsu no Lion || 3-gatsu-no-lion || https://gogocdn.net/cover/3-gatsu-no-lion.png
3-gatsu no Lion (Dub) || 3-gatsu-no-lion-dub || https://gogocdn.net/cover/3-gatsu-no-lion-dub.png
3-gatsu no Lion 2nd Season || 3-gatsu-no-lion-2nd-season || https://gogocdn.net/cover/3-gatsu-no-lion-2nd-season.png
3-gatsu no Lion 2nd Season (Dub) || 3-gatsu-no-lion-2nd-season-dub || https://gogocdn.net/cover/3-gatsu-no-lion-2nd-season-dub.png
3-Nen D-Gumi Glass no Kamen || 3-nen-d-gumi-glass-no-kamen || https://gogocdn.net/cover/3-nen-d-gumi-glass-no-kamen.png
